Part Name,Quantity,Cost Per Pack,Total Cost for All Packs,Purchase Link
GT2 8mm Bore 10 mm Belt width 30 T Pulley (6 pack),1,14.29,14.29,https://www.amazon.com/uxcell-Synchronous-Aluminum-Printer-Machine/dp/B0DNFCZZ7Y?ref_=ast_sto_dp
GT2 8mm Bore 10 mm Belt width 60 T Pulley (2 pack),1,9.99,9.99,https://www.amazon.com/uxcell-Synchronous-Aluminum-Printer-Machine/dp/B0DNFCY16W?ref_=ast_sto_dp
GT2 8mm Bore 10 mm Belt width 80 T Pulley (1 pack),1,11.99,11.99,https://www.amazon.com/1-Pack-80T-Synchronous-Printer-Machine/dp/B0BYRQMK7J/ref=sr_1_4?crid=1N7UJUHTP6KHD&dib=eyJ2IjoiMSJ9.cuvQ2jRjR9ZAQ9lvH27GxAoXcBhhcakPh_o5a_DwySf9-P_FDgCFa8RLt74vcswrfudhs1FgJpBIoLEuNOJykCwn5_DvqNFgVRFwc-pw3zdCzJ93efbDE5tVJ-YiixRqy9zKPeTNVKnnoE4Z4nGebQiKXuPipinwTfr03vd0jYt0Nlbk0RcpiWn_KBFnQCS5ReX2IUJhvVzx7JKbk1oe6IoyoiK4zxLenjU0um9sGnY.xqIKBEUVNnRfZ-C0J_sjTaAF3KbwEXR1trpO1VSnazk&dib_tag=se&keywords=gt2%2Bpulley%2Bsynchronous%2Bwheel%2B8mm%2Bbore%2B80%2Bt&nsdOptOutParam=true&qid=1787255106&sprefix=gt2%2Bpulley%2Bsynchronous%2Bwheel%2B8mm%2Bbore%2B80%2Bt%2Caps%2C135&sr=8-4&th=1
GT2 10 mm Wide Belt 200mm Belt Loop Length (5 pack),1,8.99,8.99,https://www.amazon.com/MECCANIXITY-Timing-Printing-Closed-Rubber/dp/B0GYFRRZ6B/ref=sr_1_15?crid=G5OPVFDXNBP4&dib=eyJ2IjoiMSJ9.CGLrngB2VyBgdZDadn0HgDUqEzKVfAwAwDNpRVGNKjpHmDIKSluqp5Nb0BuXIjCWh7IYjUC7uWMspggpW69vA7kan5Jma_f2hSW8v7tJcSJ-jH5IrepepuP8RrRM7SavoQ3nYXkTw7EO5I7dJBKvWhDC8P2l2jYghdwvLuPeaeW-zY4msgXV4jMDH78cK4f0_8N0WPPj3gWWdxKPDy7abQnUb3rrOAkSn4QakEnVEBw.uGWPH2bTofWHTYUQPsUAVz5E_1XoHo8j21znmH4e_-g&dib_tag=se&keywords=gt2%2B10%2Bmm%2Bbelt&qid=1786139960&sprefix=gt2%2B10%2Bmm%2Bbelt%2Caps%2C218&sr=8-15&th=1
GT2 10 mm wide Belt 232 mm belt loop length (5 pack),1,9.99,9.99,https://www.amazon.com/MECCANIXITY-Timing-Printing-Closed-Rubber/dp/B0GYFXYDQT/ref=sr_1_15?crid=G5OPVFDXNBP4&dib=eyJ2IjoiMSJ9.CGLrngB2VyBgdZDadn0HgDUqEzKVfAwAwDNpRVGNKjpHmDIKSluqp5Nb0BuXIjCWh7IYjUC7uWMspggpW69vA7kan5Jma_f2hSW8v7tJcSJ-jH5IrepepuP8RrRM7SavoQ3nYXkTw7EO5I7dJBKvWhDC8P2l2jYghdwvLuPeaeW-zY4msgXV4jMDH78cK4f0_8N0WPPj3gWWdxKPDy7abQnUb3rrOAkSn4QakEnVEBw.uGWPH2bTofWHTYUQPsUAVz5E_1XoHo8j21znmH4e_-g&dib_tag=se&keywords=gt2%2B10%2Bmm%2Bbelt&qid=1786139960&sprefix=gt2%2B10%2Bmm%2Bbelt%2Caps%2C218&sr=8-15&th=1
20 T Toothless pulley for tensioning (5 pack),1,9.99,9.99,https://www.amazon.com/WINSINN-Aluminum-Timing-Toothless-Printer/dp/B07BPHRSN5/ref=sr_1_3?dib=eyJ2IjoiMSJ9.q0px00WrVCQHySrnp1xaySsynCUMonxA_vX5J2yu-ULY7ylpJ7kQ0UHDu_4844lL-XvbgsZ-m4i3Oe8Qxhgh_WzEHztwZaq9KDPdp6nD7sG6y0KJ49_Zx3W_ctlVvIbfbi2eU3irtGKYmCksS7p_fbCNwM23ruRxj3XwZWZgQVmgh6GSTSXsDfJrLaYILd_e7HS5-TcX84G97lDfu2kmb4CnIjTfYzyEHQjImd7Qnlo.iN60tfqsu_lUHsG1FcEc5qlu_6SWgjp4iixE5Omb1xM&dib_tag=se&keywords=10%2Bmm%2Bwidth%2Btoothless%2Bpulley&qid=1786163777&sr=8-3&th=1
8 mm ID 12 mm OD Ball bearing (12 pack),2,9.99,19.98,https://www.amazon.com/uxcell-Shielded-Bearings-Electric-Skateboards/dp/B0F4XQM1NQ/ref=sr_1_22_sspa?crid=3JH4GLRUZFQ0F&dib=eyJ2IjoiMSJ9.j8CRWFu5SYSgiYsBfSezTgZv4lSfIFcJ_VWqR4lkfDJuhanIe4UpD8g4jF0M42dCjCYri3hvJNDf2aJ6CV9mBUzEZwkFU73gf4DKH_k4_4gr1slt6rDmyAIq6u74ZjV3OGZ1UqQgH89LZGW74_jWbhm4v_f2oSv9emU6i638XhUme1XY2qPC0f-WWUNXKkjQr3-m5PguC2TD3zK9zyRq1JJZy641bsMX9qzDsckCjTg.spgK-kuGGU4VJgY1peT25RjkLHjYtxENYiiRn8l6qoA&dib_tag=se&keywords=12%2Bm%2BOD%2Bball%2Bbearing%2B8%2Bmm%2BID%2Bcarbon%2Bsteel&nsdOptOutParam=true&qid=1787020429&sprefix=12%2Bm%2Bod%2Bball%2Bbearing%2B8%2Bmm%2Bid%2Bcarbon%2Bsteel%2Caps%2C192&sr=8-22-spons&sp_csd=d2lkZ2V0TmFtZT1zcF9idGY&th=1
8 mm Shaft Adapter (4 pack),2,6.99,13.98,https://www.amazon.com/Mrosnail-Coupling-Connector-Electroplated-Heat-Treated/dp/B0CSVZQHZY/ref=sr_1_12_sspa?crid=3S1L0TNIS6U&dib=eyJ2IjoiMSJ9.osVSoATYy3AH_kypIyHWypNFzEDIpRmCRREJFL7P_EXpYD22hjvZWstFuTi2TiGjZZFhROZnh8zqBxnRshLS8523cmQvriOhIbTNxQF2feXkCr3ZqtprvZUgwctjZ3VuJpBGXmFlJ1RezZngEO72yTxEi9cQ2gx2IkU9Jx4aVTgfW1dzGYg4ETB74vvYZaRQMUbxnycLB71MaOFHnkganJTPRopO3vJ8akYp6xIKIqyIO3H8XktSIqJJE14LpheuaBupJoU1gVGck1xOO01nwtxg40fO0dXDYwotJNB7nrM.QiNZhQasaIwuyhDToyHSXVpAbUO318Zvxth9UPEnJaA&dib_tag=se&keywords=8%2Bmm%2Bflange%2Bcoupling%2Bconnecto&qid=1786471493&s=industrial&sprefix=8%2Bmm%2Bflange%2Bcoupling%2Bconnecto%2Cindustrial%2C154&sr=1-12-spons&sp_csd=d2lkZ2V0TmFtZT1zcF9tdGY&th=1
Waveshare Motor Driver Board (1 pack),1,12.99,12.99,https://www.amazon.com/Waveshare-Integrates-Control-Applicable-Integrate/dp/B0CJ6TP3TP
12T Brass MOD 0.8 Gear for the drill end servo (1 pack),1,8.99,8.99,https://www.gobilda.com/2305-series-brass-mod-0-8-servo-gear-25-tooth-spline-12-tooth/
36T Steel MOD 0.8 Gear for the drill end servo (1 pack),1,12.59,12.59,https://www.gobilda.com/2303-series-steel-mod-0-8-pinion-gear-8mm-rex-bore-36-tooth/
8 mm REX Shaft (1 pack),2,4.19,8.38,https://www.gobilda.com/8mm-rex-shaft-with-e-clip-stainless-steel-43mm-length/
Coupler for attaching drill bit to REX shaft (1 pack),1,9.99,9.99,https://www.gobilda.com/4007-series-hyper-coupler-8mm-rex-bore-to-8mm-rex-bore/
500 mm D-shaft (1 pack),1,28.84,28.84,https://www.grainger.com/product/D-Profile-Rotary-Shaft-1045-827H84
Bearing for Turntable (10 pack),1,7.89,7.89,https://www.amazon.com/HiPicco-608-2RS-Bearings-Miniature-Pre-Lubricated/dp/B0CH2WZQMJ/ref=sr_1_11?dib=eyJ2IjoiMSJ9.TmBqVk2BsazmbfFV9d7zogrBx5D4aHn15_cxnPy-vql1L7ED0Mc0izvd2IqyECXHpCHS9UBHy9m8xjtCSRQC8vF51_IRQw0SDplV6t-JIR_HAC2DQW3qKhzWMOqCP8CL-5QcPfBK_PZwSwzDYU7EI5dywgS_a-F20-nqR9UkSpUJUmbg-QbkjiEG4QX9tg1TkdbkibhJfdPxmmqeOe_qHg_vWE9yQ0gVaQ2ZWv4QO_U.mBVMkDSrnvSsEbQ9MfNuJ3KUl4P-q5xtt519PQgSfI8&dib_tag=se&keywords=8%2Bmm%2BID%2Bbearing%2Bheavy%2Bduty&qid=1787620500&refinements=p_72%3A1248861011&rnid=1248859011&sr=8-11&th=1
AC Power Inlet Switch (3 pack),1,9.59,9.59,https://www.amazon.com/MKBKLLJY-Rocker-Switch-Mounting-Extension/dp/B0C2GHJGW2/ref=sr_1_17_sspa?dib=eyJ2IjoiMSJ9.KgCDLhNPkv6-z7o4MsRkA96Xds5yURwi85hSljNRlfF6APgroyKLL0tCuG2XYZSy8ONYpfxQQ_YHXgJBGsgXoY9Ouyal8kbpI0sl5o-Py4awolshZOdmbYLqUDSXKfx8boD2I8f4rgGnMPv-NpYxcyVdwAT8q1iAmDQaHQFlIT9BM-9OpAZGZ1uCTWdJMER59QRiAX-XkC2uyDiRCUFDU7Jk9jmgo6LDAuirsqSJ0fUp1DLMO8ceVb9EjBPa4OXDt6FH3h0Vuw_bwzaokZ8KSEM8JR-Nefoz5UF7DFdKonY.gE_jCqEo_UoJQfSQqEcZXkeOnBbE290C6LR-u_4jJ1Y&dib_tag=se&keywords=ac%2Binlet%2Bmodule%2Bwith%2Bswitch&qid=1787696586&sr=8-17-spons&sp_csd=d2lkZ2V0TmFtZT1zcF9tdGY&th=1
14 AWG Wire (10 feet each of red and black),1,9.88,9.88,https://www.amazon.com/Electrical-Silicone-Flexible-Temperature-Resistance/dp/B0746H96QK/ref=sr_1_6?crid=2I2V1R7RQONYI&dib=eyJ2IjoiMSJ9.htvCyCzdfCohXLsEHhmeUTi-edQBaftL6db9ciAdiZIFd3giJg3AMOuD53IPdEnGhA42EpkaVQ9-XvP17-adDV16Jk79g-QriX4fqQO5YB5cJBW4BpFVXr2OKaZHfoFc74xjMnihJksGV1stZLDWzztZJc64JASjrP8UzH3a65lO-uD7doHnyjtR6M8qZWeCu-iNlQ83hHVqRCgSo661cwOnVUoG9GumJ23ZneFUYdxaE9MYjTQ3vqdw0iSu5l4lQ81-ElyZ7ZUBKCuTPVUvyHNsKd6GQAykqexae1OPQOo.Fo1YJP60lF4cHFc54EDy-AdbGsbXeSUecWngTLEWrBc&dib_tag=se&keywords=14%2Bawg%2Bwire%2Bsilicone&qid=1787699062&sprefix=14%2Bawg%2Bwire%2Bsi%2Caps%2C179&sr=8-6&th=1
Plum Coupler for misaligned shaft (2 pack),1,11.99,11.99,https://www.amazon.com/Zeberoxyz-Aluminium-Diameter20mm-Length25mm-Motor%EF%BC%888x8mm%EF%BC%89/dp/B08QVKMDC6/ref=sr_1_9?crid=3S0L557S153R9&dib=eyJ2IjoiMSJ9.zXb-ULd_AaG-UIybMv9yuOYuWmUticyttRn6Ij5OuyMHYoi8-I4u3B2cogA8Xe2qA9FEhUCY2PSD1Sw1XaMrd2gNJIWiVDNoqfc71hWTnooOf85v9TUg1V7S_Q6N8YNB58_o03dHWfLzN-IzRYmBqZqAzAMQL4nysjY7i8eNC3B2Szg1DbAoe9VBiUiEWNthMya0YTgj9GVInzpEeQRcx7sGbzUTpnOzhA8nzkJ-C40.lYQb1mWInNRAdFu3FxBeydowr_sFewqL7ODqm7pseik&dib_tag=se&keywords=motor%2Bshaft%2Bcoupler%2B8mm%2Bto%2B8mm&qid=1787952761&sprefix=motor%2Bshaft%2Bcoupler%2B8mm%2Bto%2B8mm%2Caps%2C180&sr=8-9&th=1
Rubber grommets (200 pack),1,7.99,7.99,https://www.amazon.com/Firewall-Grommets-Assortment-Automotive-Organization/dp/B0F8N9PLXT/ref=sr_1_1_sspa?crid=2OZ3WP84TM0IK&dib=eyJ2IjoiMSJ9.USkJNQrigUZFpyOyQjrvEQDn2B4rWV75h5lWK3SgLUlte-8sQGrZ8Ip9hAhnBuoU9GG_IQ41KuFJADFAwcP5j1Gk5ejTgmZVkdfGT_UW9k5ZnKVnWUt25opAsmXYYKJBQbpIMb63w72sFwicHVR3W2n6s866DCwU9TPLGq2RhZ39yzHsBUm0hVAqlcaT38qcKwtwMttejCy9RmwTjtWd29_NIu24o7T7EF-7aATE7O8.DH6Dk_mre8tL15Xd42slox4GbJb9qH8Ak03rVMc2wqY&dib_tag=se&keywords=metric+rubber+grommets+assortment+kit&qid=1788305382&sprefix=metricrubber+grommets+assortment+kit%2Caps%2C155&sr=8-1-spons&sp_csd=d2lkZ2V0TmFtZT1zcF9hdGY&psc=1
Zip ties (1000 pack),1,7.99,7.99,https://www.amazon.com/Small-Tensile-Strength-Tantti-Supply/dp/B0C2KGK2HR/ref=sr_1_2_sspa?crid=1YSIE12YZZI1E&dib=eyJ2IjoiMSJ9.HorVoQqdXmn-84KTi5eP1YzcxMU1Pn3IW1sYqo6dOPv-m9Q7jE5LYobYCXLVUgOJJtfp-KF6LM8AzIEVOaej6K7WRBJeGouiN858p6-q76b2H7n5dMx8_KHJT2RQB1AtLzhNZ0AajnXpY89b-2ouSK2NH7h6OQDEYDrRGpxdTL5t11iCxjBkAivoM0PJFZc2yDqSUZH7LryM3V0BCsYCMKeYhxt_lesbqSx5UEyePz4.vdPRTvvxcK3eGo3-Tvfkqxu9t8RCvANRjje_S25ASLM&dib_tag=se&keywords=zip%2Bties%2B4%2Binch&qid=1788307835&sprefix=zip%2Bties%2B4%2B%2Caps%2C165&sr=8-2-spons&sp_csd=d2lkZ2V0TmFtZT1zcF9hdGY&th=1
3/8 inch Expandable Wire Sleeving (100 ft),1,15.99,15.99,https://www.amazon.com/100ft-Expandable-Braided-Sleeving-Sleeve/dp/B074GPT9Q5/ref=sr_1_3?crid=3UU8ULSAGJ28K&dib=eyJ2IjoiMSJ9.jGWBcpfwuoZJEUA0rTWVtvCfV6wd0-PnNeksUJHEdJtRsNmjGKThpgheUXKEO4paqa2Y2-ObnVa3EgZarmPqN2CQSRYElq6jjRpo740lKCAjq4K5HLJtGjj2dyVNNtRe0jDYeqsexY4FpXcF_-Xs-gTJFXM6k2idbYzjwHMj-l_hTlnxjVETEg06lGS2toaniNLYQ4Zw_kr7AdsuIvM75lKjpdfal72AH-ytPv4peEQ.T7-GzJY8kAKGrDhkz-rypT1V2mX5u6EH8Szw5LMsCB0&dib_tag=se&keywords=expandable%2Bwire%2Bsleeve%2B3%2F8&qid=1788311428&sprefix=expandable%2Bwire%2Bsleeve%2B3%2F8%2Caps%2C159&sr=8-3&th=1
PETG Filament (4x 1 kg rolls),1,42.99,42.99,https://www.amazon.com/ELEGOO-Filament-Plastic-Spool-Black/dp/B0D86BXVL6/ref=sr_1_5?crid=PPJ5WV5MGPUK&dib=eyJ2IjoiMSJ9.i78_ibXqq5Mej3tF03Ukw31wizJA1hJmkKDaGC5e-mOog3C36EKSu2DWTv6VZl4IKmIY6Nmjov_bWAIgG530HRLo081-bpKS7zwGP2RfEKMZ-Car93rJk-BD7fLQAR9djt-hqDFoE3FjSxlTQTo5d41EJ-8xLacENTFw8OVLPWazxShlVu4MhBE5pcxfmQcWrFB3Ztj_zzcphkHnyPQAcxMwK5ZqVRCy2m3VVGkGWow.XQFqAlxyoXdU7MJVvTmLKp9lS9H0pNUhMTR1Pgt7SPc&dib_tag=se&keywords=petg%2Bfilament%2B1.75%2Bbulk&qid=1788402160&sprefix=petg%2Bfilament%2B1.75%2Bbulk%2Caps%2C178&sr=8-5&th=1
12V 29A Power Supply (1 pack),1,26,26,https://www.amazon.com/LRS-350-12-Switching-Household-Industrial-Automation/dp/B07WHJF1Q8/ref=sr_1_1?crid=1IPAXGQ0821AG&dib=eyJ2IjoiMSJ9.aS5U4loezY9gn4ZyBBXSsfEm1m7cNqY5mQJ3Tfmaq95tBk5XD5qga9e_Tz4MYMAqSlDuyJ0Kha7fZ49ipR93G00LZFsGxwq8hmAGqBwZFfEO27emAOUIY3LG3iHXthwzvjnvFay-NrLIZApT9T1O1jP8EL-DxkCU8HKnWgE7C77Ss9BdfvQVucSDwqK2B-Q2DWVqXjCilhcRXMMGN_cfgXyGZCLggg8qWDZJ9_ymi-I.97V4N7xRmHf0BHn0SB0Oeo7v7_wLLevC3z0Hs9aCgx0&dib_tag=se&keywords=meanwell+12v+power+supply&qid=1788481626&sprefix=meanwe%2Caps%2C185&sr=8-1
AC power cord (1 pack),1,6.94,6.94,https://www.amazon.com/Amazon-Basics-Computer-Monitor-Replacement/dp/B072BYGKZZ/ref=sr_1_3?crid=1V5ZFG3QK68NF&dib=eyJ2IjoiMSJ9.T6c28mV2SVzYfcdaKurq8cPgs5mL2SKpGt1GzDcuQU7g-6v2K_PKkEV8Nva7KafeU2hfEej_VigqRK73fwe6nl2eS5OL7cEHs-9akGGFF_CLBGSB9xSjE1BtXizr9fA6EzV9xSSMEhn5kt0RxYikPfgEB3YWNYZr2XBCjoIYCtfu7hMQ7H6UafZdhxJ-KeXyBZ0RCze2WWew5TKF5vnKchxpzNkCBEeo43uYyHFwIVg.wLkjyK5qY-VYj6rqxjZfq-8H_b0L0nvFYG9gJB_4hXM&dib_tag=se&keywords=AC%2Bpower%2Bcord&qid=1788483332&sprefix=ac%2Bpower%2Bcord%2Caps%2C171&sr=8-3&th=1
WAGO 221 lever nuts (28 pack),1,20.95,20.95,https://www.amazon.com/Compact-Splicing-Connector-Assortment-221-2401/dp/B0CJ5QF3VX/ref=sr_1_2?crid=1BW9KMYI982V9&dib=eyJ2IjoiMSJ9.SjzHXLa7FfLMIf1akcsmidKmHKklMrr4b2weTcpcWDTb5ZQLaTlQI5ChmRjLligrsrMhZEQ0AP6-sVDnHMWI4xqlJWyaA-XbBYlH4zQNJc2-WqzGDtrbxMxDI9qYxvIF1cfjqTYfCN077eb45CWGP3junZd02vLaKePZw0eiUQNda23K2Es-A04l_YtTZgxfZNREVeGwb6BdHXltGTVlB4SqsPCuZ4f0l6G8EFrosE56jeDPj812y4f6jlfvg2OmccznpooUjJ2nXSSNun-RmDCZHUyOSYmV6AWoAuSI1fg.uiONkz73aR7ukJ6kywzqOibqxRc9sKaYambgLzsCDtY&dib_tag=se&keywords=wago%2B221%2B2%2Band%2B3%2Bport&qid=1788482450&sprefix=wago%2B221%2B2%2Band3%2Bport%2Caps%2C189&sr=8-2&th=1
"1000µF electrolytic capacitor, 25V (10 pack)",1,6.99,6.99,https://www.amazon.com/10x20mm-Electrolytic-Capacitor-Aluminum-Capacitors/dp/B0F8C1VMT6/ref=sr_1_1_sspa?crid=ZE448X5P53G0&dib=eyJ2IjoiMSJ9.eOkxcpUObssSWCLnsn267w3dqE4661XmR3KIPGUyivwFSXt4KG0ObT3cwUt4epyrwjlxgXxz_msIbeZ_kgEE5BFqrW0xyMlJtkM9GGeX6VQjFo119JpSqxkfGIuGskcFalVOBRG8od2Sy7Va7smDDCwZ90G_RdVKUy4b-SopJN_W4lf1ZMFJA0utLX26_o-DWC6rZusrEGwACD_74DaWjcrGUxQ2ulapNNjB9FXJow8.srKh5k_bdhCmrNU7hcfYFgpj3WvoSPkihpxH3y5Qu_8&dib_tag=se&keywords=1000%2Buf%2B25v%2Bcapacitor&qid=1788483138&sprefix=1000%2BuF%2B%2Caps%2C176&sr=8-1-spons&sp_csd=d2lkZ2V0TmFtZT1zcF9hdGY&th=1
Bootlace Ferrules and Crimper (2000 pack),1,23.99,23.99,https://www.amazon.com/Ferrule-Crimping-Connectors-Preciva-Self-adjustable/dp/B0B3N24C7Q/ref=sr_1_38?dib=eyJ2IjoiMSJ9.kfuq7i2fmUt1bCl3CFW2e_r9bswJQuqftuXPgGrpfnY3xLaenCqcv0o5v-OKemPtaCB5-LJy5CzPbBfyWMI2SJy_X2YFYOacbsxy02p8XCKM3O56AVXr4m06VQfCp7IPrNJt0jRkfiuuI_HqZ-EHPXZfWc4dPQe08-Y-f6qMs4vMwek-JdVafVXCZdwnnOCqxYoOxj-RgBGHZOL1YZgH0sYAREm30HZiQmoqhaQEbsxMyX3vuYoZNXyCmmH4srE5d36oACinkNXrleaZy8d-qc9JhQC0Mn9xMsc5aza9iik.3raoOl7VcqtSUXO7k3TS6JAy0r2rmmFuCufjFN6mq3w&dib_tag=se&keywords=bootlace%2Bferrules&qid=1788482796&refinements=p_72%3A1248909011&rnid=1248907011&sr=8-38&th=1
Servo cables 300 mm (6 pack),1,8.99,8.99,https://www.amazon.com/waveshare-5264-3PIN-Servo-Compatible-servos/dp/B0GVDPPF72/ref=sr_1_7?crid=901K6DV08Z8K&dib=eyJ2IjoiMSJ9.7_DJqPWUxgZp7OxebN5vbZp92xBOJW4hs2IjI_kgd9EOACF-I9mXkr4MS1tUYc-A3rJmfuYNcBh41ZsszotIOqr_MV29YfDhqkHjJ_YO0KOF01-K_LRRtNUeoBA1DEGZ7RpeC1BZMBC_OCqDknXEj8kpHIQNIBhdUhVOVjk3bk-j-3TYhe5XIW8C4vjMUKM3PGE74S6sdxbuCGltaqLrqZzkaLMCXaLLQTmWOD00q3H6MrA5PqZ0pYDWdPjo7JASrj6Jh3cLaVEeqIu4FOg3G8MyCrpDS7fZh568rgfoclc.NbqBaRf8IZ5Xfb-HybgM03jOf4XrlSnZlN4F-bITPo4&dib_tag=se&keywords=5264+3-pin+servo+cables&qid=1788482033&sprefix=5264+3+pin+servo%2Caps%2C156&sr=8-7
Servo Cables 300 and 900 mm mix pack (3 of each),1,9.99,9.99,https://www.amazon.com/waveshare-5264-3PIN-Servo-Compatible-servos/dp/B0GVDFXF7Q/ref=sr_1_6?crid=901K6DV08Z8K&dib=eyJ2IjoiMSJ9.7_DJqPWUxgZp7OxebN5vbZp92xBOJW4hs2IjI_kgd9EOACF-I9mXkr4MS1tUYc-A3rJmfuYNcBh41ZsszotIOqr_MV29YfDhqkHjJ_YO0KOF01-K_LRRtNUeoBA1DEGZ7RpeC1BZMBC_OCqDknXEj8kpHIQNIBhdUhVOVjk3bk-j-3TYhe5XIW8C4vjMUKM3PGE74S6sdxbuCGltaqLrqZzkaLMCXaLLQTmWOD00q3H6MrA5PqZ0pYDWdPjo7JASrj6Jh3cLaVEeqIu4FOg3G8MyCrpDS7fZh568rgfoclc.NbqBaRf8IZ5Xfb-HybgM03jOf4XrlSnZlN4F-bITPo4&dib_tag=se&keywords=5264+3-pin+servo+cables&qid=1788482033&sprefix=5264+3+pin+servo%2Caps%2C156&sr=8-6
Inline fuse holder (6 pack),1,5.59,5.59,https://www.amazon.com/Inline-VANTRONIK-Waterproof-Standard-standard/dp/B081YDV8PS/ref=sr_1_8?crid=2CLMQOMIJYQKH&dib=eyJ2IjoiMSJ9.Xx96m73kts_iMVlHDzYwfvE3gIpvSZFxK_t94JJzb1AMHyqM0A53uYf-wEmy6DN04XURpVFbXq-M0u_uWA0GpxGgbVIB9aAm_vhpK8YY3y0lZ3AE_x89HjH9113_78RuFjRHP9qNhN4N2hiumrpLTWDoTkHP4E9I2mcI_Ynzp0sN5EqDD0eO3K5HOHKDO3M5VY6Yw7i016HI3y3f5Yn9Ro8xPXOeHqbonwVwwquB9iU.YrOParga4fr049m6lK0NVoxk53ipplV3A39fkCUR26A&dib_tag=se&keywords=inline%2Bblade%2Bfuse%2Bholder%2B14%2Bawg%2Bcopper&qid=1788143028&sprefix=inline%2Bblade%2Bfuse%2Bholder%2B14%2Bawg%2Bcopper%2Caps%2C151&sr=8-8&th=1
Multiple Sizes of Blade Fuses (80 pack),1,8.99,8.99,https://www.amazon.com/gp/aw/d/B0B18NVT5Z/?_encoding=UTF8&pd_rd_plhdr=t&aaxitk=75f9a0fa6027397521831d592c40aae1&hsa_cr_id=0&qid=1788484335&sr=1-1-9e67e56a-6f64-441f-a281-df67fc737124&i=aps&aref=7K2t4ShXzI&ref_=sbx_s_sparkle_sbtcd_asin_0_title&pd_rd_w=NCMMm&content-id=amzn1.sym.8de9b3d5-f5c5-40e9-9b39-d65f08d6ea68%3Aamzn1.sym.8de9b3d5-f5c5-40e9-9b39-d65f08d6ea68&pf_rd_p=8de9b3d5-f5c5-40e9-9b39-d65f08d6ea68&pf_rd_r=RW1TKMWEY6E73GM5X8XR&pd_rd_wg=gDAqO&pd_rd_r=78e02234-64a1-413d-bcf8-46788fbcc53c&th=1
2280 NVMe SSD Gen 3 512 GB for Nvidia Jetson Orin Nano Super (1 pack),1,84.99,84.99,https://www.amazon.com/Patriot-P320-512GB-Internal-SSD/dp/B0D4RCRNHG/ref=sr_1_3?crid=1ILRVVW9Q2PZ5&dib=eyJ2IjoiMSJ9.PpCF4uHfc2n06q5coxGkxRAng9pIcVlH3RtmkGWMvYKc-mAesDcOikw5MQIvrYLmW_01tb24NXBrPzk6uHQQiU8sZF6zwPEu27UfGvNiyU1js9W-I7tUJZ9mDL_6-FQg4ohqaOOBNnR0ZHVEWvMcWt9Kf4zSIkpZdxqd8gnYLiv2qZnXcEA-AQ_f2STq1H0opyyy3X6Tr6h22sqptAXFC9GHVDo_Bq70-6NDtbGnUkk.6zVbpyqG9SfrZbf1qSPP7RlPyyGdCZX14vdlDNDK6gA&dib_tag=se&keywords=m.2%2B2280%2Bnvme%2Bm-key%2Bssd%2Bgen3&qid=1788485421&sprefix=M.2%2B2280%2C%2BM-key%2Bgen3%2Caps%2C169&sr=8-3&th=1
Cat6 Ethernet Cable for Jetson Flashing and Wireless Access (1 pack),1,7.79,7.79,https://www.amazon.com/Cable-Matters-Ethernet-Patch-Black/dp/B0CP9XGZKM/ref=sr_1_3?crid=ANCLWQ4K5YXQ&dib=eyJ2IjoiMSJ9.lT5wiAL4PAVC08u0_EDiQX8D5ls07W6V770-rxBtA6So_h34GRBJYlirdCfR8E-073XE5PJUvE5KDqwfSuLYoTNKKN0K2VDIYc3Jmh_uHAZbGhG483RVG9DHyKrkrhxxy4WyhYNI51ScgyiFbk_MwJqJO4VYYsHJDGBrDtzhpUkrqy7VoBw6rwECohnMRhmV9R66yblHkTRkbmt52UzsnxOCodJ93AOkQxVYWfVNPjU.WP5BTUYrNUhYr0qBkWsU2zB9YGCxhJHEyjmq4DJVz0k&dib_tag=se&keywords=ethernet%2Bcable%2Bcat%2B6%2B6ft&qid=1788485916&sprefix=ethernet%2Bcable%2Bcat%2B6%2B%2Caps%2C172&sr=8-3&th=1
Rubber Tape Roll for making the claw grippy (1 pack),1,8.99,8.99,https://www.amazon.com/Ealyder-Tape-Ultra-Thin-Wear-Resistant-Comfortable/dp/B0G91DVZBN/ref=sr_1_1_sspa?crid=Y0AT6DMN0LZ3&dib=eyJ2IjoiMSJ9.G6L9NljOrDWXA1Juz8iRRGJRceUlyksAxOPGYD7HJMWuFVT-iLYeI7QuNkLfTw63f2Ol_vBZWX5725V0OJNteArWfv0x8YPvK_7haKP0xxSWi4_ONslJZ_Vx5g9MsLC3hb9cEZLGk1HmEdJAH3zeMbKJq37Z0-JwNYdFyqgWtiSznOuPK9l4efwGSvmuI7dYwjx_ieK7APRuTX_xLAT0t3qgQ_5dLBjYdwN8eVRFseA._YE8Nu8Yv5vRRlduOfdtmNzfa9hzG5cI7BvrUC4Crts&dib_tag=se&keywords=rubber%2Btape&qid=1788487009&refinements=p_36%3A-1200%2Cp_72%3A1248921011&rnid=2661611011&sprefix=rubber%2Btape%2Caps%2C175&sr=8-1-spons&sp_csd=d2lkZ2V0TmFtZT1zcF9hdGY&th=1
60 foot roll of electrical tape (3 pack),1,9.96,9.96,https://www.amazon.com/3M-Temflex-Electrical-1-5core-3-Roll/dp/B076D21JSP/ref=sr_1_3?crid=QZTJTTB2RLPR&dib=eyJ2IjoiMSJ9.SLEZJHigIw-L2bK320Yc4vuzCNkjY89KTk5X2CzUbCwbu2nmPeXZJ86W2a-fSZXz5T9ZADAtudS0YeVbJutgFajnQnAFhirCtytIx5pS1wrsSEvHAs_RBXNoDhq2kdf6oGdm__97ZNdi8lBKUj3Jy0xlDAZwxpz4g7rBWI9oCuPdMx9_5BpbqqvvU182sQAUE1P56KxXMi0YaVDxYZGoQOcPlca2M8p4UyUihaBE6hA.UCl95rjLuJan5Kg-yK2OiSfUxyciSan3zl5L_RSDjkQ&dib_tag=se&keywords=3M%2Belectrical%2Btape&qid=1788630380&sprefix=3m%2Belectrical%2Btap%2Caps%2C186&sr=8-3&th=1
Long PH0 Phillips screwdriver for attaching screws (1 pack),1,8.39,8.39,https://www.amazon.com/uxcell-Phillips-Screwdriver-Comfortable-Handle/dp/B07D7CR5H2/ref=sr_1_1_sspa?crid=364ZSEAS63Z9R&dib=eyJ2IjoiMSJ9.MLTlXT2umzVfxUtdPNful7aOnLRztYlOr-tnJgp_5iNEt5aUg-kjfTj6rFA2ZjQ6h0iVeW93LhnVqxIQEFoOhCUkBJtGTbc99nX4Ih7apGMm0ym7bRC-QAl3L4ikzBx3Fv5YH5yRer1W9vzIyG1x_HRGgCQ5uMAgt89BgkXC2NgI0ttFPFj4iG9OHmt88ETBrttRt6zAQQ4AxjQDD4h1TsMELG4uz7PCt-xOXLcUMFqiDlllahXUcu_RkBRi7iIdHpjclbyDDEp9Y8UEYmb15FZP4Tg_waWA7QwkNFI4roo.NCwdpPF_R05r2FQme_uSLnMk1n2Qwe6IQbqgq5X4QU0&dib_tag=se&keywords=phillips%2B%230%2Blong%2Bscrewdriver&qid=1788833617&sprefix=phillips%2B0%2Blong%2Bscrewdriver%2Caps%2C229&sr=8-1-spons&sp_csd=d2lkZ2V0TmFtZT1zcF9hdGY&th=1
,,,,
**Total Amount Needed - Funding Request**,,,USD $533.84,
,,,,
,,,,
**Already Purchase/Owned - Not Part of Funding Request**,,,,
Part Name,Quantity,Cost Per Pack,Total Cost for All Packs,Purchase Link
Nvidia Jetson Orin Nano Super (1 pack),1,384.9,384.9,https://www.newegg.com/nvidia-jetson-orin-nano-super-developer-kit/p/N82E16813190033
STS3215 Servo Motor (2 pack),2,48.97,97.94,https://www.amazon.com/STS3215-Programmable-Magnetic-Encoder-Arduino/dp/B0FVS5HD2V/ref=sr_1_3_sspa?crid=1UK5AXZ0AFN07&dib=eyJ2IjoiMSJ9.C2p-2gmz24k6iat5ck7HYOL0zvFG2SQQ-K1zVCY0wXukGA8NBjfqcValbBtvIGVo9WcOaJuRaKKNhMiHndoTGpJ6IJ-EK8wHsw93o1Vu9iCxwa1xCMqJbRr7OPzhdZjahw9CXRr0-mUnjJRQUV-boOCoKvpt5eH2hbrkpTjR5FL9r9cdkSw2OmopDf2z5WiAaeUaV1UnFj_QtIDol2o10VlT9OOwgcKinwhc13ZCMFnZEVbhhuDtRxS5HAx9nHgsU32PDhPCpzq3PmL9i3IdmwfKLZTKut29726upvsh4iU.UXGDgeSoMH92sVfitmDkwS3EmjXBnWpOK9Ab-LJW_Pk&dib_tag=se&keywords=sts3215+servo&qid=1788929457&sprefix=sts3215%2Caps%2C152&sr=8-3-spons&sp_csd=d2lkZ2V0TmFtZT1zcF9hdGY&psc=1
STS3250 Servo Motor (1 pack),2,66.99,133.98,https://www.amazon.com/RCmall-Feetech-STS3250-Magnetic-Encoder/dp/B0HBJLD2QG/ref=sr_1_1?crid=29SCY72GVIPI&dib=eyJ2IjoiMSJ9.fpBzOakxrhh69YN4XqcGDdcI3VVQR2mZl4Ku3QS3zzxWI4kFiqd86gzvhJa7kuhKhOVbJVgOorOMiitSaWouyLPAIJX_SGdYOZb-OZauI0aP4oEncMnuRVVu5VJleIlYQudyL8LbDlwChXIZs3aBpKYqjDsmOvJhVFg0P64V4QR7oWl9SAxbTVuGKTmE3MIpR1HWVRZIKaWQU1920bkF4CR1SRqgNxKq2QkYKYcj-6CSUb3QDbccgcjBORl2B_19KbvJb4iI9pFybxxi8SEgWC_JA8bT7g6cOsOXRIC-jwU.JZJrT-UKvQmaQnQ6AjyroMPQNSE2JXcRN4uP08UKGxA&dib_tag=se&keywords=sts3250+servo&qid=1788929507&sprefix=sts3250+servo%2Caps%2C170&sr=8-1
Black and Decker Drill Bits set,1,N/A,N/A,N/A - not sure where it was purchased from
"Hex Socket Screw - Full/Partial Thread, Standard Type (DIN 912/GB/T 70.1) (M3 x 6 mm)",20,0.0063,0.13,https://jlcmc.com/product/s/E02/EDLA/din-912-gb-t-70.1-standard-socket-head-cap-screws-full---half-thread?k=EDLA-S1-M2-L8&productModelNumber=EDLA-S1-M3-L6
"Hex Socket Screw - Full/Partial Thread, Standard Type (DIN 912/GB/T 70.1) (M3 x 10 mm)",20,0.0075,0.15,https://jlcmc.com/product/s/E02/EDLA/din-912-gb-t-70.1-standard-socket-head-cap-screws-full---half-thread?k=EDLA-S1-M2-L8&productModelNumber=EDLA-S1-M3-L10
"Hex Socket Screw - Full/Partial Thread, Standard Type (DIN 912/GB/T 70.1) (M3 x 20 mm)",20,0.0119,0.24,https://jlcmc.com/product/s/E02/EDLA/din-912-gb-t-70.1-standard-socket-head-cap-screws-full---half-thread?k=EDLA-S1-M2-L8&productModelNumber=EDLA-S1-M3-L20
"Hex Socket Screw - Full/Partial Thread, Standard Type (DIN 912/GB/T 70.1) (M3 x 25 mm)",20,0.0145,0.29,https://jlcmc.com/product/s/E02/EDLA/din-912-gb-t-70.1-standard-socket-head-cap-screws-full---half-thread?k=EDLA-S1-M2-L8&productModelNumber=EDLA-S1-M3-L25
"Hex Socket Screw - Full/Partial Thread, Standard Type (DIN 912/GB/T 70.1) (M3 x 35 mm)",20,0.0189,0.38,https://jlcmc.com/product/s/E02/EDLA/din-912-gb-t-70.1-standard-socket-head-cap-screws-full---half-thread?k=EDLA-S1-M2-L8&productModelNumber=EDLA-S1-M3-L35
"Hex Socket Screw - Full/Partial Thread, Standard Type (DIN 912/GB/T 70.1) (M3 x 40 mm)",20,0.021,0.42,https://jlcmc.com/product/s/E02/EDLA/din-912-gb-t-70.1-standard-socket-head-cap-screws-full---half-thread?k=EDLA-S1-M2-L8&productModelNumber=EDLA-S1-M3-L40
"Hex Socket Screw - Full/Partial Thread, Standard Type (DIN 912/GB/T 70.1) (M4 x 12 mm)",20,0.0141,0.28,https://jlcmc.com/product/s/E02/EDLA/din-912-gb-t-70.1-standard-socket-head-cap-screws-full---half-thread?k=EDLA-S1-M2-L8&productModelNumber=EDLA-S1-M4-L12
"Hex Socket Screw - Full/Partial Thread, Standard Type (DIN 912/GB/T 70.1) (M4 x 20 mm)",20,0.0181,0.36,https://jlcmc.com/product/s/E02/EDLA/din-912-gb-t-70.1-standard-socket-head-cap-screws-full---half-thread?k=EDLA-S1-M2-L8&productModelNumber=EDLA-S1-M4-L20
"Hex Socket Screw - Full/Partial Thread, Standard Type (DIN 912/GB/T 70.1) (M4 x 25 mm)",20,0.0204,0.41,https://jlcmc.com/product/s/E02/EDLA/din-912-gb-t-70.1-standard-socket-head-cap-screws-full---half-thread?k=EDLA-S1-M2-L8&productModelNumber=EDLA-S1-M4-L25
"Hex Socket Screw - Full/Partial Thread, Standard Type (DIN 912/GB/T 70.1) (M5 x 40 mm)",10,0.043,0.43,https://jlcmc.com/product/s/E02/EDLA/din-912-gb-t-70.1-standard-socket-head-cap-screws-full---half-thread?k=EDLA-S1-M2-L8&productModelNumber=EDLA-S1-M5-L40
"Hex Socket Screw - Full/Partial Thread, Standard Type (DIN 912/GB/T 70.1) (M5 x 45 mm)",10,0.0445,0.45,https://jlcmc.com/product/s/E02/EDLA/din-912-gb-t-70.1-standard-socket-head-cap-screws-full---half-thread?k=EDLA-S1-M2-L8&productModelNumber=EDLA-S1-M5-L45
Flat Washer Level A (3 mm ID),200,0.0016,0.32,https://jlcmc.com/product/s/E06/EPDA/flat-washer-level-a?k=EPDA-S1W-B-5&productModelNumber=EPDA-S1W-B-3
Flat Washer Level A (4 mm ID),50,0.0023,0.12,https://jlcmc.com/product/s/E06/EPDA/flat-washer-level-a?k=EPDA-S1W-B-4&productModelNumber=EPDA-S1W-B-4
Flat Washer Level A (5 mm ID),50,0.0029,0.15,https://jlcmc.com/product/s/E06/EPDA/flat-washer-level-a?k=EPDA-S1W-B-5&productModelNumber=EPDA-S1W-B-5
Flat Washer Level A (8 mm ID),50,0.0088,0.44,https://jlcmc.com/product/s/E06/EPDA/flat-washer-level-a?k=EPDA-S1W-B-8&productModelNumber=EPDA-S1W-B-8
Locking ring Set screw locking Compact (8 mm ID),5,1.37,6.83,https://jlcmc.com/product/s/F07/FGDB/locking-ring-set-screw-locking-compact?k=FGDB-W-D8-T5&productModelNumber=FGDB-W-D8-T5
Anti-loosening nut (M3),300,0.0074,2.01,https://jlcmc.com/product/s/E04/EMLC/anti-loosening-nut?k=EMLC-S1-N-M3&productModelNumber=EMLC-S1-N-M3
Anti-loosening nut (M4),300,0.0097,2.64,https://jlcmc.com/product/s/E04/EMLC/anti-loosening-nut?k=EMLC-S1-N-M4&productModelNumber=EMLC-S1-N-M4
Anti-loosening nut (M5),300,0.0102,2.79,https://jlcmc.com/product/s/E04/EMLC/anti-loosening-nut?k=EMLC-S1-N-M5&productModelNumber=EMLC-S1-N-M5
Internal Retaining rings (EQDE) C Type (12 mm),50,0.0157,0.79,https://jlcmc.com/product/s/E05/EQDE/internal-retaining-rings-(eqde)-c-type?k=EQDE-W-12&productModelNumber=EQDE-W-12
,,,,
Total,,,USD $636.45,
,,,,
Grand Total,,,USD $1170.29,
,,,,
